{"data_time": 0.008206664999988789, "eta_seconds": 14925.831999119964, "fast_rcnn/cls_accuracy": 0.484375, "fast_rcnn/false_negative": 0.8003982843137255, "fast_rcnn/fg_cls_accuracy": 0.1996017156862745, "iteration": 19, "loss_box_reg": 0.5610483288764954, "loss_cls": 0.7015930414199829, "loss_mask": 0.6819794476032257, "loss_rpn_cls": 0.2041703537106514, "loss_rpn_loc": 0.02339353132992983, "lr": 1.60675e-05, "mask_rcnn/accuracy": 0.9117834633853541, "mask_rcnn/false_negative": 0.022161970308609065, "mask_rcnn/false_positive": 0.17634562387772845, "rank_data_time": 0.008206664999988789, "roi_head/num_bg_samples": 102.5, "roi_head/num_fg_samples": 25.5, "rpn/num_neg_anchors": 232.75, "rpn/num_pos_anchors": 23.25, "time": 53.30654285399987, "total_loss": 2.2031505620107055}
{"data_time": 0.0072848865000878504, "eta_seconds": 14234.695062250028, "fast_rcnn/cls_accuracy": 0.748046875, "fast_rcnn/false_negative": 0.9776497695852535, "fast_rcnn/fg_cls_accuracy": 0.02235023041474654, "iteration": 39, "loss_box_reg": 0.7559593319892883, "loss_cls": 0.594686359167099, "loss_mask": 0.6416076719760895, "loss_rpn_cls": 0.06420009210705757, "loss_rpn_loc": 0.017237097956240177, "lr": 3.2717500000000007e-05, "mask_rcnn/accuracy": 0.9231704400510203, "mask_rcnn/false_negative": 0.013306811039104666, "mask_rcnn/false_positive": 0.16443354341970295, "rank_data_time": 0.0072848865000878504, "roi_head/num_bg_samples": 96.0, "roi_head/num_fg_samples": 32.0, "rpn/num_neg_anchors": 234.25, "rpn/num_pos_anchors": 21.75, "time": 55.55567032750014, "total_loss": 2.0836371826007962}
{"data_time": 0.007556388499779132, "eta_seconds": 13145.533051079992, "fast_rcnn/cls_accuracy": 0.75, "fast_rcnn/false_negative": 1.0, "fast_rcnn/fg_cls_accuracy": 0.0, "iteration": 59, "loss_box_reg": 0.8368142545223236, "loss_cls": 0.48364439606666565, "loss_mask": 0.5399198830127716, "loss_rpn_cls": 0.02187057863920927, "loss_rpn_loc": 0.016548754647374153, "lr": 4.93675e-05, "mask_rcnn/accuracy": 0.9325386833468143, "mask_rcnn/false_negative": 0.012018859367371657, "mask_rcnn/false_positive": 0.13535085840784428, "rank_data_time": 0.007556388499779132, "roi_head/num_bg_samples": 96.0, "roi_head/num_fg_samples": 32.0, "rpn/num_neg_anchors": 233.0, "rpn/num_pos_anchors": 23.0, "time": 54.982557191499836, "total_loss": 1.9041832080110908}
{"data_time": 0.00793505999968147, "eta_seconds": 12050.071963489992, "fast_rcnn/cls_accuracy": 0.7578125, "fast_rcnn/false_negative": 0.96875, "fast_rcnn/fg_cls_accuracy": 0.03125, "iteration": 79, "loss_box_reg": 0.8510816693305969, "loss_cls": 0.4098307639360428, "loss_mask": 0.42211608588695526, "loss_rpn_cls": 0.010782724246382713, "loss_rpn_loc": 0.017223186790943146, "lr": 6.60175e-05, "mask_rcnn/accuracy": 0.946658609153407, "mask_rcnn/false_negative": 0.015574302619487805, "mask_rcnn/false_positive": 0.11195892057266119, "rank_data_time": 0.00793505999968147, "roi_head/num_bg_samples": 96.0, "roi_head/num_fg_samples": 32.0, "rpn/num_neg_anchors": 231.5, "rpn/num_pos_anchors": 24.5, "time": 54.65761142549991, "total_loss": 1.7051062108948827}
{"data_time": 0.00845219500024541, "eta_seconds": 10995.579317400006, "fast_rcnn/cls_accuracy": 0.837890625, "fast_rcnn/false_negative": 0.6429398148148149, "fast_rcnn/fg_cls_accuracy": 0.3570601851851852, "iteration": 99, "loss_box_reg": 0.8539876341819763, "loss_cls": 0.32974594831466675, "loss_mask": 0.29683005809783936, "loss_rpn_cls": 0.010639972984790802, "loss_rpn_loc": 0.01655627880245447, "lr": 8.266750000000001e-05, "mask_rcnn/accuracy": 0.9477838010204082, "mask_rcnn/false_negative": 0.016351308981665598, "mask_rcnn/false_positive": 0.09898145686193771, "rank_data_time": 0.00845219500024541, "roi_head/num_bg_samples": 96.0, "roi_head/num_fg_samples": 32.0, "rpn/num_neg_anchors": 232.25, "rpn/num_pos_anchors": 23.75, "time": 55.414372120999815, "total_loss": 1.5082583513576537}
{"data_time": 0.0076832999998259766, "eta_seconds": 9949.043019149998, "fast_rcnn/cls_accuracy": 0.92578125, "fast_rcnn/false_negative": 0.234375, "fast_rcnn/fg_cls_accuracy": 0.765625, "iteration": 119, "loss_box_reg": 0.7810698449611664, "loss_cls": 0.2699275463819504, "loss_mask": 0.21308369934558868, "loss_rpn_cls": 0.004743915516883135, "loss_rpn_loc": 0.016112087294459343, "lr": 9.93175e-05, "mask_rcnn/accuracy": 0.9531050701530612, "mask_rcnn/false_negative": 0.016071705075331476, "mask_rcnn/false_positive": 0.07947115707082936, "rank_data_time": 0.0076832999998259766, "roi_head/num_bg_samples": 96.0, "roi_head/num_fg_samples": 32.0, "rpn/num_neg_anchors": 233.0, "rpn/num_pos_anchors": 23.0, "time": 56.97120392299985, "total_loss": 1.2966171324951574}
{"data_time": 0.0076630994999504765, "eta_seconds": 8864.408259119991, "fast_rcnn/cls_accuracy": 0.953125, "fast_rcnn/false_negative": 0.1171875, "fast_rcnn/fg_cls_accuracy": 0.8828125, "iteration": 139, "loss_box_reg": 0.7032579183578491, "loss_cls": 0.2074212208390236, "loss_mask": 0.16470887511968613, "loss_rpn_cls": 0.0021250435966067016, "loss_rpn_loc": 0.012395000085234642, "lr": 0.0001159675, "mask_rcnn/accuracy": 0.9562041613520408, "mask_rcnn/false_negative": 0.021162354605668076, "mask_rcnn/false_positive": 0.07079329492168213, "rank_data_time": 0.0076630994999504765, "roi_head/num_bg_samples": 96.0, "roi_head/num_fg_samples": 32.0, "rpn/num_neg_anchors": 235.75, "rpn/num_pos_anchors": 20.25, "time": 55.89423765249967, "total_loss": 1.1050400744425133}
{"data_time": 0.007479030498870998, "eta_seconds": 7756.357226729992, "fast_rcnn/cls_accuracy": 0.951171875, "fast_rcnn/false_negative": 0.0859375, "fast_rcnn/fg_cls_accuracy": 0.9140625, "iteration": 159, "loss_box_reg": 0.553083062171936, "loss_cls": 0.17205775529146194, "loss_mask": 0.13935288786888123, "loss_rpn_cls": 0.0008858582004904747, "loss_rpn_loc": 0.01737846340984106, "lr": 0.0001326175, "mask_rcnn/accuracy": 0.9541414221938775, "mask_rcnn/false_negative": 0.02492651105171919, "mask_rcnn/false_positive": 0.06510400244264768, "rank_data_time": 0.007479030498870998, "roi_head/num_bg_samples": 96.0, "roi_head/num_fg_samples": 32.0, "rpn/num_neg_anchors": 231.75, "rpn/num_pos_anchors": 24.25, "time": 55.798671456499505, "total_loss": 0.8937851360533386}
{"data_time": 0.00785802300015348, "eta_seconds": 6654.521589899996, "fast_rcnn/cls_accuracy": 0.95703125, "fast_rcnn/false_negative": 0.0859375, "fast_rcnn/fg_cls_accuracy": 0.9140625, "iteration": 179, "loss_box_reg": 0.3511774092912674, "loss_cls": 0.12782539427280426, "loss_mask": 0.1153990738093853, "loss_rpn_cls": 0.0018845985759980977, "loss_rpn_loc": 0.016487005166709423, "lr": 0.0001492675, "mask_rcnn/accuracy": 0.9581772161989796, "mask_rcnn/false_negative": 0.025451464571587007, "mask_rcnn/false_positive": 0.05809073481608623, "rank_data_time": 0.00785802300015348, "roi_head/num_bg_samples": 96.0, "roi_head/num_fg_samples": 32.0, "rpn/num_neg_anchors": 230.5, "rpn/num_pos_anchors": 25.5, "time": 56.34755496350044, "total_loss": 0.627930124726845}
{"data_time": 0.008105056001113553, "eta_seconds": 5540.2551619499945, "fast_rcnn/cls_accuracy": 0.96875, "fast_rcnn/false_negative": 0.0546875, "fast_rcnn/fg_cls_accuracy": 0.9453125, "iteration": 199, "loss_box_reg": 0.24059242010116577, "loss_cls": 0.0949476771056652, "loss_mask": 0.10254663974046707, "loss_rpn_cls": 0.0007534896722063422, "loss_rpn_loc": 0.017186946235597134, "lr": 0.0001659175, "mask_rcnn/accuracy": 0.9619838169642858, "mask_rcnn/false_negative": 0.0296474541067634, "mask_rcnn/false_positive": 0.049481424607292004, "rank_data_time": 0.008105056001113553, "roi_head/num_bg_samples": 96.0, "roi_head/num_fg_samples": 32.0, "rpn/num_neg_anchors": 231.0, "rpn/num_pos_anchors": 25.0, "time": 53.6247122195, "total_loss": 0.4757366794219706}
{"data_time": 0.00822947050073708, "eta_seconds": 4436.541899000022, "fast_rcnn/cls_accuracy": 0.96484375, "fast_rcnn/false_negative": 0.0625, "fast_rcnn/fg_cls_accuracy": 0.9375, "iteration": 219, "loss_box_reg": 0.1980915293097496,